{"cameraMode":{"drawMode":0,"name":"Shaded","section":"Shading Mode"},"sceneLighting":false,"audioPlay":false,"sceneViewState":{"showFog":false,"showMaterialUpdate":false,"showSkybox":false,"showFlares":false,"showImageEffects":false,"showParticleSystems":false},"in2DMode":false,"pivot":{"x":18.0,"y":0.07700000703334809,"z":14.520000457763672},"rotation":{"x":-0.18607917428016663,"y":-0.7517080903053284,"z":0.23872172832489015,"w":-0.5859394669532776},"size":3.147308349609375,"orthographic":false}