{"cameraMode":{"drawMode":0,"name":"Shaded","section":"Shading Mode"},"sceneLighting":false,"audioPlay":false,"sceneViewState":{"showFog":false,"showMaterialUpdate":false,"showSkybox":false,"showFlares":false,"showImageEffects":false,"showParticleSystems":false},"in2DMode":false,"pivot":{"x":-34.10771942138672,"y":4.001239776611328,"z":-43.16447830200195},"rotation":{"x":0.0008695478900335729,"y":-0.928342878818512,"z":0.37177327275276186,"w":0.002313242293894291},"size":22.0,"orthographic":false}