{"cameraMode":{"drawMode":0,"name":"Shaded","section":"Shading Mode"},"sceneLighting":false,"audioPlay":false,"sceneViewState":{"showFog":false,"showMaterialUpdate":false,"showSkybox":false,"showFlares":false,"showImageEffects":false,"showParticleSystems":false},"in2DMode":false,"pivot":{"x":-10.493410110473633,"y":0.6405200958251953,"z":16.010643005371095},"rotation":{"x":0.09764751046895981,"y":-0.8246172666549683,"z":0.15005521476268769,"w":0.5366148948669434},"size":2.752833843231201,"orthographic":false}