{"cameraMode":{"drawMode":0,"name":"Shaded","section":"Shading Mode"},"sceneLighting":false,"audioPlay":false,"sceneViewState":{"showFog":false,"showMaterialUpdate":false,"showSkybox":false,"showFlares":false,"showImageEffects":false,"showParticleSystems":false},"in2DMode":false,"pivot":{"x":2.4206299781799318,"y":20.226978302001954,"z":-6.013474464416504},"rotation":{"x":0.23793219029903413,"y":-0.7438099384307861,"z":0.33618786931037905,"w":0.5264198184013367},"size":22.0,"orthographic":false}