{"cameraMode":{"drawMode":0,"name":"Shaded","section":"Shading Mode"},"sceneLighting":false,"audioPlay":false,"sceneViewState":{"showFog":false,"showMaterialUpdate":false,"showSkybox":false,"showFlares":false,"showImageEffects":false,"showParticleSystems":false},"in2DMode":false,"pivot":{"x":17.676273345947267,"y":-0.023099776357412339,"z":13.97992992401123},"rotation":{"x":0.17390693724155427,"y":-0.7637779712677002,"z":0.23000194132328034,"w":0.5774977207183838},"size":3.7473082542419435,"orthographic":false}