{"cameraMode":{"drawMode":0,"name":"Shaded","section":"Shading Mode"},"sceneLighting":false,"audioPlay":false,"sceneViewState":{"showFog":false,"showMaterialUpdate":false,"showSkybox":false,"showFlares":false,"showImageEffects":false,"showParticleSystems":false},"in2DMode":false,"pivot":{"x":-1.6612269878387452,"y":-0.503440260887146,"z":0.9568949937820435},"rotation":{"x":-0.29805609583854678,"y":-0.3352412283420563,"z":0.11270001530647278,"w":-0.8866089582443237},"size":9.044503211975098,"orthographic":false}