{"cameraMode":{"drawMode":0,"name":"Shaded","section":"Shading Mode"},"sceneLighting":false,"audioPlay":false,"sceneViewState":{"showFog":false,"showMaterialUpdate":false,"showSkybox":false,"showFlares":false,"showImageEffects":false,"showParticleSystems":false},"in2DMode":false,"pivot":{"x":-7.081255912780762,"y":9.478705406188965,"z":7.655390739440918},"rotation":{"x":-0.20806662738323213,"y":-0.7090161442756653,"z":0.2333870381116867,"w":-0.6320907473564148},"size":1.359022617340088,"orthographic":false}