{"cameraMode":{"drawMode":0,"name":"Shaded","section":"Shading Mode"},"sceneLighting":true,"audioPlay":false,"sceneViewState":{"showFog":false,"showMaterialUpdate":false,"showSkybox":false,"showFlares":false,"showImageEffects":false,"showParticleSystems":false},"in2DMode":false,"pivot":{"x":-7.056483268737793,"y":0.6382052898406982,"z":-4.000463485717773},"rotation":{"x":0.37377727031707766,"y":-0.12821292877197267,"z":0.05225354805588722,"w":0.917127251625061},"size":5.139459609985352,"orthographic":false}