{"cameraMode":{"drawMode":0,"name":"Shaded","section":"Shading Mode"},"sceneLighting":false,"audioPlay":false,"sceneViewState":{"showFog":false,"showMaterialUpdate":false,"showSkybox":false,"showFlares":false,"showImageEffects":false,"showParticleSystems":false},"in2DMode":false,"pivot":{"x":-0.08047115802764893,"y":0.03196924924850464,"z":0.017104703933000566},"rotation":{"x":-0.22021347284317017,"y":-0.68703693151474,"z":0.23187759518623353,"w":-0.6524745225906372},"size":1.3735911846160889,"orthographic":false}