{"cameraMode":{"drawMode":0,"name":"Shaded","section":"Shading Mode"},"sceneLighting":false,"audioPlay":false,"sceneViewState":{"showFog":false,"showMaterialUpdate":false,"showSkybox":false,"showFlares":false,"showImageEffects":false,"showParticleSystems":false},"in2DMode":false,"pivot":{"x":-2.0668106079101564,"y":3.1130800247192385,"z":0.8557491302490234},"rotation":{"x":-0.29805609583854678,"y":-0.3352412283420563,"z":0.11270001530647278,"w":-0.8866089582443237},"size":13.892814636230469,"orthographic":false}