{"cameraMode":{"drawMode":0,"name":"Shaded","section":"Shading Mode"},"sceneLighting":false,"audioPlay":false,"sceneViewState":{"showFog":false,"showMaterialUpdate":false,"showSkybox":false,"showFlares":false,"showImageEffects":false,"showParticleSystems":false},"in2DMode":false,"pivot":{"x":35.39103698730469,"y":1.53380286693573,"z":28.563276290893556},"rotation":{"x":0.03466467931866646,"y":-0.9528204798698425,"z":0.11924267560243607,"w":0.2769797146320343},"size":5.100059509277344,"orthographic":false}