{"cameraMode":{"drawMode":0,"name":"Shaded","section":"Shading Mode"},"sceneLighting":false,"audioPlay":false,"sceneViewState":{"showFog":false,"showMaterialUpdate":false,"showSkybox":false,"showFlares":false,"showImageEffects":false,"showParticleSystems":false},"in2DMode":false,"pivot":{"x":-0.06482978165149689,"y":1.4226752519607545,"z":-0.3880326747894287},"rotation":{"x":-0.014171319082379341,"y":-0.9487949013710022,"z":0.3126380145549774,"w":-0.043006327003240588},"size":2.692695140838623,"orthographic":false}