{"cameraMode":{"drawMode":0,"name":"Shaded","section":"Shading Mode"},"sceneLighting":false,"audioPlay":false,"sceneViewState":{"showFog":false,"showMaterialUpdate":false,"showSkybox":false,"showFlares":false,"showImageEffects":false,"showParticleSystems":false},"in2DMode":false,"pivot":{"x":-2.682209014892578e-7,"y":2.1606683731079102e-7,"z":-0.16043931245803834},"rotation":{"x":-0.03766607865691185,"y":-0.8880422711372376,"z":0.45221322774887087,"w":-0.0739687830209732},"size":4.047483444213867,"orthographic":false}